StartDate	EndDate	Status	Progress	Duration (in seconds)	Finished	RecordedDate	DistributionChannel	UserLanguage	CF	1.P(N)_1	1.P(D1)_1	1.P(D1|N=0)_1	1.P(D1|N=1)_1	1.P(D2)_1	1.P(D2|N=0)_1	1.P(D2|N=1)_1	1.P(A1|D1=0,N=0)_1	1.P(A1|D1=0,N=1)_1	1.P(A1|D1=1,N=0)_1	1.P(A1|D1=1,N=1)_1	1.P(A2|D2=0,N=0)_1	1.P(A2|D2=0,N=1)_1	1.P(A2|D2=1,N=0)_1	1.P(A2|D2=1,N=1)_1	1.P(A1|D1=0)_1	1.P(A1|D1=1)_1	1.P(A2|D2=0)_1	1.P(A2|D2=1)_1	1.P(A1|N=0)_1	1.P(A1|N=1)_1	1.P(A2|N=0)_1	1.P(A2|N=1)_1	1.P(N|A1=0)_1	1.P(D1|A1=0)_1	1.P(N|A1=1)_1	1.P(D1|A1=1)_1	1.P(N|A1=0,A2=0)_1	1.P(D2|A2=0)_1	1.P(N|A1=0,A2=1)_1	1.P(D2|A2=1)_1	2.P(N)_1	2.P(D1)_1	2.P(D1|N=0)_1	2.P(D1|N=1)_1	2.P(D2)_1	2.P(D2|N=0)_1	2.P(D2|N=1)_1	2.P(A1|D1=0,N=0)_1	2.P(A1|D1=0,N=1)_1	2.P(A1|D1=1,N=0)_1	2.P(A1|D1=1,N=1)_1	2.P(A2|D2=0,N=0)_1	2.P(A2|D2=0,N=1)_1	2.P(A2|D2=1,N=0)_1	2.P(A2|D2=1,N=1)_1	2.P(A1|D1=0)_1	2.P(A1|D1=1)_1	2.P(A2|D2=0)_1	2.P(A2|D2=1)_1	2.P(A1|N=0)_1	2.P(A2|N=1)_1	2.P(A2|N=0)_1	2.P(A2|N=1)_1	2.P(N|A1=0)_1	2.P(D1|A1=0)_1	2.P(N|A1=1)_1	2.P(D1|A1=1)_1	2.P(N|A1=1,A2=0)_1	2.P(D2|A2=0)_1	2.P(N|A1=1,A2=1)_1	2.P(D2|A2=1)_1	D.1	D.2	D.2_4_TEXT	D.3	D.3_6_TEXT	D.4	D.4_1_TEXT	D.4_2_TEXT	D.5	D.6
Start Date	End Date	Response Type	Progress	Duration (in seconds)	Finished	Recorded Date	Distribution Channel	User Language	Welcome to our research study on social norms!    We are interested in understanding how people recognize social norms.  You will be presented with a few scenarios relevant to social norms and asked to answer some questions about each scenario. Please be assured that your responses will be kept completely confidential.    The study should take you around 10 minutes to complete, and you will receive 2 USD through Amazon Mechanical Turk for your participation. Your participation in this research is voluntary. You have the right to withdraw at any point during the study, for any reason, and without any prejudice.    If you would like to contact the Principal Investigators to discuss this research, please e-mail Zhi-Xuan Tan at tan_zhi_xuan@scei.a-star.edu.sg or Desmond Ong at desmond_ong@ihpc.a-star.edu.sg. You may also contact our research department (A*STAR AI) at ai@scei.a-star.edu.sg, or the A*STAR Institutional Review Board (IRB) at hbro@hq.a-star.edu.sg.     By clicking the button below, you acknowledge that your participation in the study is voluntary, you are 18 years of age, and that you are aware that you may choose to terminate your participation in the study at any time and for any reason.    Please note that this survey will be best displayed on a laptop or desktop computer.  Some features may be less compatible for use on a mobile device.	How likely is it that the following norm exists in this context?   People should return their trays after eating.	How likely is it that Bailey wants to return the tray?	Now suppose the norm of returning one's tray does not exist in this context. Knowing that, how likely would it be that Bailey wants to return the tray?	Now suppose that the norm of returning one's tray exists in this context. Knowing that, how likely would it be that Bailey wants to return the tray?	How likely is it that Casey wants the tray to be returned?	Now suppose that the norm of returning one's tray does not exist in this context. Knowing that, how likely would it be that Casey wants the tray to be returned?	Now suppose that the norm of returning one's tray exists in this context. Knowing that, how likely would it be that Casey wants the tray to be returned?	Now suppose you know the following: - Bailey does not want to return the tray.  - The following norm does not exist in this context:  People should return their trays after eating.     Given the above, how likely is it that Bailey will return the tray?	Now suppose you know the following: - Bailey does not want to return the tray.  - The following norm exists in this context:  People should return their trays after eating.     Given the above, how likely is it that Bailey will return the tray?	Now suppose you know the following:  - Bailey wants to return the tray.  - The following norm does not exist in this context:    People should return their trays after eating.     Given the above, how likely is it that Bailey will return the tray?	Now suppose you know the following: - Bailey wants to return the tray.  - The following norm exists in this context:  People should return their trays after eating.     Given the above, how likely is it that Bailey will return the tray?	Now suppose you know the following: - It is not the case that Casey wants the tray to be returned.  - The following norm does not exist in this context:  People should return their trays after eating.     Given the above, how likely is it that Casey will ask Bailey to return the tray?	Now suppose you know the following: - It is not the case that Casey wants the tray to be returned.  - The following norm exists in this context:  People should return their trays after eating.     Given the above, how likely is it that Casey will ask Bailey to return the tray?	Now suppose you know the following: - Casey wants the tray to be returned.  - The following norm does not exist in this context:  People should return their trays after eating.     Given the above, how likely is it that Casey will ask Bailey to return the tray?	Now suppose you know the following: - Casey wants the tray to be returned.  - The following norm exists in this context:  People should return their trays after eating.     Given the above, how likely is it that Casey will ask Bailey to return the tray?	Now suppose you know the following:- Bailey does not want to return the tray. Given the above, how likely is it that Bailey will return the tray?	Now suppose you know the following:- Bailey wants to return the tray. Given the above, how likely is it that Bailey will return the tray?	Now suppose you know the following: - It is not the case that Casey wants the tray to be returned.    Given the above, how likely is it that Casey will ask Bailey to return the tray?	Now suppose you know the following: - Casey wants the tray to be returned.      Given the above, how likely is it that Casey will ask Bailey to return the tray?	Now suppose you know the following: - The following norm does not exist in this context:  People should return their trays after eating.     Given the above, how likely is it that Bailey will return the tray?	Now suppose you know the following:  - The following norm exists in this context:  People should return their trays after eating.   Given the above, how likely is it that Bailey will return the tray?	Now suppose you know the following: - The following norm does not exist in this context:  People should return their trays after eating.     Given the above, how likely is it that Casey will ask Bailey to return the tray?	Now suppose you know the following: - The following norm exists in this context:  People should return their trays after eating.     Given the above, how likely is it that Casey will ask Bailey to return the tray?	If you saw Bailey leaving the tray, how likely would it be that the following norm exists in this context?     People should return their trays after eating.	If you saw Bailey leaving the tray, how likely would it be that Bailey wanted to return the tray?	If you saw Bailey returning the tray, how likely would it be that the following norm exists in this context?     People should return their trays after eating.	If you saw Bailey returning the tray, how likely would it be that Bailey wanted to return the tray?	If you saw Casey say nothing, how likely would it be that the following norm exists in this context?     People should return their trays after eating.	If you saw Casey say nothing, how likely would it be that Casey wanted the tray to be returned?	If you saw Casey asking Bailey to return the tray, how likely would it be that the following norm exists in this context?     People should return their trays after eating.	If you saw Casey asking Bailey to return the tray, how likely would it be that Casey wanted the tray to be returned?	How likely is it that the following norm exists in this context?   People should not discard their belongings on the ground.	How likely is it that Avery wants to toss the crumpled paper on the ground?	Now suppose the norm against discarding one's belongings on the ground does not exist in this context. Knowing that, how likely would it be that Avery wants to toss the crumpled paper on the ground?	Now suppose the norm against discarding one's belongings on the ground exists in this context. Knowing that, how likely would it be that Avery wants to toss the crumpled paper on the ground?	How likely is it that Darcy wants the crumpled paper to be picked up?	Now suppose the norm against discarding one's belongings on the ground does not exist in this context. Knowing that, how likely would it be that Darcy wants the crumpled paper to be picked up?	Now suppose the norm against discarding one's belongings on the ground exists in this context. Knowing that, how likely would it be that Darcy wants the crumpled paper to be picked up?	Now suppose you know the following: - Avery does not want to toss the crumpled paper on the ground.  - The following norm does not exist in this context:  People should not discard their belongings on the ground.     Given the above, how likely is it that Avery will toss the crumpled paper on the ground?	Now suppose you know the following: - Avery does not want to toss the crumpled paper on the ground.  - The following norm exists in this context:  People should not discard their belongings on the ground.     Given the above, how likely is it that Avery will toss the crumpled paper on the ground?	Now suppose you know the following: - Avery wants to toss the crumpled paper on the ground.  - The following norm does not exist in this context:  People should not discard their belongings on the ground.     Given the above, how likely is it that Avery will toss the crumpled paper on the ground?	Now suppose you know the following: - Avery wants to toss the crumpled paper on the ground.  - The following norm exists in this context:  People should not discard their belongings on the ground.     Given the above, how likely is it that Avery will toss the crumpled paper on the ground?	Now suppose you know the following:  - It is not the case that Darcy wants the crumpled paper to be picked up.  - The following norm does not exist in this context:   People should not discard their belongings on the ground.      Given the above, how likely is it that Darcy will ask Avery to pick up the crumpled paper?	Now suppose you know the following:  - It is not the case that Darcy wants the crumpled paper to be picked up.  - The following norm exists in this context:   People should not discard their belongings on the ground.      Given the above, how likely is it that Darcy will ask Avery to pick up the crumpled paper?	Now suppose you know the following: - Darcy wants the crumpled paper to be picked up.  - The following norm does not exist in this context:  People should not discard their belongings on the ground.     Given the above, how likely is it that Darcy will ask Avery to pick up the crumpled paper?	Now suppose you know the following: - Darcy wants the crumpled paper to be picked up.  - The following norm exists in this context:  People should not discard their belongings on the ground.     Given the above, how likely is it that Darcy will ask Avery to pick up the crumpled paper?	Now suppose you know the following: - Avery does not want to toss the crumpled paper on the ground.      Given the above, how likely is it that Avery will toss the crumpled paper on the ground?	Now suppose you know the following: - Avery wants to toss the crumpled paper on the ground.      Given the above, how likely is it that Avery will toss the crumpled paper on the ground?	Now suppose you know the following:  - It is not the case that Darcy wants the crumpled paper to be picked up.      Given the above, how likely is it that Darcy will ask Avery to pick up the crumpled paper?	Now suppose you know the following: - Darcy wants the crumpled paper to be picked up.      Given the above, how likely is it that Darcy will ask Avery to pick up the crumpled paper?	Now suppose you know the following: - The following norm does not exist in this context:  People should not discard their belongings on the ground.     Given the above, how likely is it that Avery will toss the crumpled paper on the ground?	Now suppose you know the following: - The following norm exists in this context:  People should not discard their belongings on the ground.     Given the above, how likely is it that Avery will toss the crumpled paper on the ground?	Now suppose you know the following: - The following norm does not exist in this context:   People should not discard their belongings on the ground.      Given the above, how likely is it that Darcy will ask Avery to pick up the crumpled paper?	Now suppose you know the following: - The following norm exists in this context:   People should not discard their belongings on the ground.      Given the above, how likely is it that Darcy will ask Avery to pick up the crumpled paper?	If you saw Avery hold on to the paper, how likely would it be that the following norm exists in this context?       People should not discard their belongings on the ground.	If you saw Avery hold on to the paper, how likely would it be that Avery wanted to toss the crumpled paper on the ground?	If you saw Avery tossing the paper, how likely would it be that the following norm exists in this context?     People should not discard their belongings on the ground.	If you saw Avery tossing the paper, how likely would it be that Avery wanted to toss the crumpled paper on the ground?	If you saw Darcy say nothing and continue walking, how likely would it be that the following norm exists in this context?     People should not discard their belongings on the ground.	If you saw Darcy say nothing and continue walking, how likely would it be that Darcy wanted the crumpled paper to be picked up?	If you saw Darcy ask Avery to pick up the crumpled paper, how likely would it be that the following norm exists in this context?     People should not discard their belongings on the ground.	If you saw Darcy ask Avery to pick up the crumpled paper, how likely would it be that Darcy wanted the crumpled paper to be picked up?	What is your age in years?	What is your gender? - Selected Choice	What is your gender? - Other (please describe) - Text	Choose one or more races that you consider yourself to be: - Selected Choice	Choose one or more races that you consider yourself to be: - Other - Text	Would you consider religion or spirituality important to yourself? If so, what religion, practice, or tradition? - Selected Choice	Would you consider religion or spirituality important to yourself? If so, what religion, practice, or tradition? - Yes, I am: - Text	Would you consider religion or spirituality important to yourself? If so, what religion, practice, or tradition? - Somewhat, I am: - Text	What is the highest level of school you have completed or the highest degree you have received?	Information about income is important for this survey.  Would you please give your best guess? Please indicate the answer that includes your entire annual household income in 2018 before taxes.
"{""ImportId"":""startDate"",""timeZone"":""Asia/Hong_Kong""}"	"{""ImportId"":""endDate"",""timeZone"":""Asia/Hong_Kong""}"	"{""ImportId"":""status""}"	"{""ImportId"":""progress""}"	"{""ImportId"":""duration""}"	"{""ImportId"":""finished""}"	"{""ImportId"":""recordedDate"",""timeZone"":""Asia/Hong_Kong""}"	"{""ImportId"":""distributionChannel""}"	"{""ImportId"":""userLanguage""}"	"{""ImportId"":""QID172807553""}"	"{""ImportId"":""QID21_1""}"	"{""ImportId"":""QID11_1""}"	"{""ImportId"":""QID92_1""}"	"{""ImportId"":""QID93_1""}"	"{""ImportId"":""QID54_1""}"	"{""ImportId"":""QID94_1""}"	"{""ImportId"":""QID95_1""}"	"{""ImportId"":""QID43_1""}"	"{""ImportId"":""QID96_1""}"	"{""ImportId"":""QID97_1""}"	"{""ImportId"":""QID98_1""}"	"{""ImportId"":""QID61_1""}"	"{""ImportId"":""QID100_1""}"	"{""ImportId"":""QID101_1""}"	"{""ImportId"":""QID102_1""}"	"{""ImportId"":""QID91_1""}"	"{""ImportId"":""QID104_1""}"	"{""ImportId"":""QID109_1""}"	"{""ImportId"":""QID111_1""}"	"{""ImportId"":""QID107_1""}"	"{""ImportId"":""QID106_1""}"	"{""ImportId"":""QID114_1""}"	"{""ImportId"":""QID115_1""}"	"{""ImportId"":""QID52_1""}"	"{""ImportId"":""QID51_1""}"	"{""ImportId"":""QID118_1""}"	"{""ImportId"":""QID119_1""}"	"{""ImportId"":""QID121_1""}"	"{""ImportId"":""QID122_1""}"	"{""ImportId"":""QID65_1""}"	"{""ImportId"":""QID64_1""}"	"{""ImportId"":""QID125_1""}"	"{""ImportId"":""QID126_1""}"	"{""ImportId"":""QID127_1""}"	"{""ImportId"":""QID128_1""}"	"{""ImportId"":""QID130_1""}"	"{""ImportId"":""QID131_1""}"	"{""ImportId"":""QID132_1""}"	"{""ImportId"":""QID134_1""}"	"{""ImportId"":""QID137_1""}"	"{""ImportId"":""QID135_1""}"	"{""ImportId"":""QID136_1""}"	"{""ImportId"":""QID146_1""}"	"{""ImportId"":""QID147_1""}"	"{""ImportId"":""QID148_1""}"	"{""ImportId"":""QID149_1""}"	"{""ImportId"":""QID160_1""}"	"{""ImportId"":""QID162_1""}"	"{""ImportId"":""QID165_1""}"	"{""ImportId"":""QID167_1""}"	"{""ImportId"":""QID170_1""}"	"{""ImportId"":""QID171_1""}"	"{""ImportId"":""QID178_1""}"	"{""ImportId"":""QID179_1""}"	"{""ImportId"":""QID184_1""}"	"{""ImportId"":""QID185_1""}"	"{""ImportId"":""QID187_1""}"	"{""ImportId"":""QID188_1""}"	"{""ImportId"":""QID191_1""}"	"{""ImportId"":""QID192_1""}"	"{""ImportId"":""QID194_1""}"	"{""ImportId"":""QID195_1""}"	"{""ImportId"":""QID36_TEXT""}"	"{""ImportId"":""QID39""}"	"{""ImportId"":""QID39_4_TEXT""}"	"{""ImportId"":""QID38""}"	"{""ImportId"":""QID38_6_TEXT""}"	"{""ImportId"":""QID66""}"	"{""ImportId"":""QID66_1_TEXT""}"	"{""ImportId"":""QID66_2_TEXT""}"	"{""ImportId"":""QID37""}"	"{""ImportId"":""QID40""}"
2019-01-21 12:14:05	2019-01-21 12:18:47	IP Address	100	282	TRUE	2019-01-21 12:18:48	anonymous	EN	I consent, begin the study																				50	90	50	0																																100	50	100	50	50	60	100	61	24	Prefer not to disclose		Asian		Prefer not to disclose			High school graduate (high school diploma or equivalent including GED)	Less than $15,000
2019-01-21 12:14:36	2019-01-21 12:18:53	IP Address	100	257	TRUE	2019-01-21 12:18:53	anonymous	EN	I consent, begin the study																								100	30	100	90	100	50	100	100																5	100	0	30													27	Male		White		Not important.			High school graduate (high school diploma or equivalent including GED)	$80,000 to $124,999
2019-01-21 12:14:44	2019-01-21 12:19:15	IP Address	100	270	TRUE	2019-01-21 12:19:15	anonymous	EN	I consent, begin the study																								25	50	76	89	28	50	77	88								40	13	75	55	14	27	50	81																	19	Male		White		Not important.			High school graduate (high school diploma or equivalent including GED)	$50,000 to $79,999
2019-01-21 12:14:29	2019-01-21 12:19:18	IP Address	100	289	TRUE	2019-01-21 12:19:18	anonymous	EN	I consent, begin the study	100	100	82	100	19	0	50																									100	61	50	80	100	84	88																									34	Female		White		Yes, I am:	christian		High school graduate (high school diploma or equivalent including GED)	$50,000 to $79,999
2019-01-21 12:16:55	2019-01-21 12:19:38	IP Address	100	162	TRUE	2019-01-21 12:19:38	anonymous	EN	I consent, begin the study																10	93	0	80													100	60	70	20	80	30	91																									30	Male		White		Not important.			Bachelor's degree in college (4-year)	$50,000 to $79,999
2019-01-21 12:14:06	2019-01-21 12:21:02	IP Address	100	415	TRUE	2019-01-21 12:21:02	anonymous	EN	I consent, begin the study								30	70	90	100	0	0	30	60																																				80	10	10	70									22	Male		Native Hawaiian or Pacific Islander		Yes, I am:	Catholic 		Associate degree in college (2-year)	$15,000 to $24,999
2019-01-21 12:16:18	2019-01-21 12:21:22	IP Address	100	303	TRUE	2019-01-21 12:21:22	anonymous	EN	I consent, begin the study	100	93	18	93	100	12	96																																0	0	72	61	4	28	62	94																	28	Female		White		Not important.			Some college but no degree	$50,000 to $79,999
2019-01-21 12:17:14	2019-01-21 12:22:10	IP Address	100	295	TRUE	2019-01-21 12:22:10	anonymous	EN	I consent, begin the study																								100	40	100	100	100	71	100	100																								100	60	100	95	100	81	100	100	42	Female		White		Not important.			Some college but no degree	$50,000 to $79,999
2019-01-21 12:16:21	2019-01-21 12:23:24	IP Address	100	422	TRUE	2019-01-21 12:23:24	anonymous	EN	I consent, begin the study								10	40	95	95	1	3	20	30																																				85	30	10	40									41	Female		White		Not important.			Bachelor's degree in college (4-year)	$25,000 to $49,999
2019-01-21 12:20:25	2019-01-21 12:23:28	IP Address	100	183	TRUE	2019-01-21 12:23:28	anonymous	EN	I consent, begin the study	100	100	70	100	100	30	100																									100	60	80	60	100	65	100																									18	Female		White		Not important.			Some college but no degree	$80,000 to $124,999
2019-01-21 12:22:42	2019-01-21 12:25:28	IP Address	100	165	TRUE	2019-01-21 12:25:28	anonymous	EN	I consent, begin the study								94	86	89	90	82	94	87	88																	92	81	90	89	83	89	91																									35	Male		White		Yes, I am:	catholic		Bachelor's degree in college (4-year)	$25,000 to $49,999
2019-01-21 12:22:54	2019-01-21 12:25:37	IP Address	100	162	TRUE	2019-01-21 12:25:37	anonymous	EN	I consent, begin the study																79	84	84	81																																				79	70	72	77	80	71	81	71	46	Female		White		Yes, I am:	catholic		Bachelor's degree in college (4-year)	$50,000 to $79,999
2019-01-21 12:22:35	2019-01-21 12:26:17	IP Address	100	221	TRUE	2019-01-21 12:26:17	anonymous	EN	I consent, begin the study																				10	85	0	60																																100	20	90	100	85	65	100	100	27	Female		White		Not important.			Some college but no degree	Less than $15,000
2019-01-21 12:24:07	2019-01-21 12:27:48	IP Address	100	221	TRUE	2019-01-21 12:27:49	anonymous	EN	I consent, begin the study																								100	0	100	80	100	60	100	100								10	0	100	80	0	0	30	60																	20	Female		White		Not important.			Some college but no degree	$15,000 to $24,999
2019-01-21 12:26:58	2019-01-21 12:30:57	IP Address	100	238	TRUE	2019-01-21 12:30:57	anonymous	EN	I consent, begin the study								8	80	90	100	4	11	29	40																																				92	8	6	18									33	Female		White		Somewhat, I am:		Episcopalian 	Master's degree	$80,000 to $124,999
2019-01-21 12:28:32	2019-01-21 12:31:50	IP Address	100	198	TRUE	2019-01-21 12:31:51	anonymous	EN	I consent, begin the study								18	81	72	100	0	65	71	85																																								92	70	71	81	70	77	93	94	21	Male		White		Somewhat, I am:		Christian	Some college but no degree	$80,000 to $124,999
2019-01-21 12:29:38	2019-01-21 12:32:14	IP Address	100	155	TRUE	2019-01-21 12:32:14	anonymous	EN	I consent, begin the study																20	100	0	24													100	50	85	50	70	20	80																									20	Male		White		Not important.			Some college but no degree	$180,000 or more
2019-01-21 12:29:04	2019-01-21 12:34:16	IP Address	100	311	TRUE	2019-01-21 12:34:17	anonymous	EN	I consent, begin the study	92	85	44	89	70	23	71																									100	31	76	26	71	8	75																									27	Female		White		Not important.			Bachelor's degree in college (4-year)	$50,000 to $79,999
2019-01-21 12:24:40	2019-01-21 12:34:57	IP Address	100	616	TRUE	2019-01-21 12:34:57	anonymous	EN	I consent, begin the study																				10	95	0	5																								1	20	1	7													30	Male		White		Somewhat, I am:		Roman Catholic	Bachelor's degree in college (4-year)	$25,000 to $49,999
2019-01-21 12:32:16	2019-01-21 12:35:01	IP Address	100	165	TRUE	2019-01-21 12:35:01	anonymous	EN	I consent, begin the study								25	50	75	100	0	0	0	25																																0	50	0	25													38	Female		White		Not important.			Some college but no degree	$25,000 to $49,999
2019-01-21 12:30:22	2019-01-21 12:35:29	IP Address	100	307	TRUE	2019-01-21 12:35:29	anonymous	EN	I consent, begin the study	100	86	29	62	33	16	31																																20	3	76	33	3	34	40	65																	33	Female		White		Somewhat, I am:		Baptist	Bachelor's degree in college (4-year)	$50,000 to $79,999
2019-01-21 12:30:04	2019-01-21 12:36:18	IP Address	100	373	TRUE	2019-01-21 12:36:19	anonymous	EN	I consent, begin the study																								60	20	80	90	30	45	94	100	90	20	40	20	60	30	70																									45	Male		White		Somewhat, I am:		Catholic	Bachelor's degree in college (4-year)	$50,000 to $79,999
2019-01-21 12:27:58	2019-01-21 12:36:26	IP Address	100	508	TRUE	2019-01-21 12:36:27	anonymous	EN	I consent, begin the study	100	50	60	60	80	0	100																																																100	69	50	100	50	60	100	100	32	Female		White,Black or African American		Yes, I am:	christianity		Master's degree	$50,000 to $79,999
2019-01-21 12:30:51	2019-01-21 12:37:17	IP Address	100	385	TRUE	2019-01-21 12:37:17	anonymous	EN	I consent, begin the study																								71	23	70	73	62	50	75	70								50	4	67	50	88	23	40	63																	22	Female		White,Black or African American		Somewhat, I am:			Associate degree in college (2-year)	$50,000 to $79,999
2019-01-21 12:35:17	2019-01-21 12:38:36	IP Address	100	198	TRUE	2019-01-21 12:38:36	anonymous	EN	I consent, begin the study																								100	97	98	99	89	97	95	95								13	8	5	11	100	99	100	96																	25	Male		Native Hawaiian or Pacific Islander		Yes, I am:			Associate degree in college (2-year)	$50,000 to $79,999
2019-01-21 12:34:25	2019-01-21 12:40:08	IP Address	100	343	TRUE	2019-01-21 12:40:08	anonymous	EN	I consent, begin the study	100	75	50	75	100	25	90																																												60	30	0	50									46	Male		White		Not important.			Master's degree	$80,000 to $124,999
2019-01-21 12:36:52	2019-01-21 12:42:11	IP Address	100	318	TRUE	2019-01-21 12:42:11	anonymous	EN	I consent, begin the study								0	62	100	100	0	0	14	49																																								75	27	38	100	45	43	86	100	26	Male		White		Somewhat, I am:		Christian	Master's degree	$50,000 to $79,999
2019-01-21 12:40:38	2019-01-21 12:46:23	IP Address	100	345	TRUE	2019-01-21 12:46:25	anonymous	EN	I consent, begin the study								10	30	75	100	10	60	0	100																																								95	25	5	100	10	90	100	90	29	Male		Other	Hispanic	Not important.			Bachelor's degree in college (4-year)	$80,000 to $124,999
2019-01-21 12:18:20	2019-01-21 12:47:32	IP Address	100	1751	TRUE	2019-01-21 12:47:32	anonymous	EN	I consent, begin the study																				15	80	1	60																10	0	100	85	0	10	80	90																	25	Male		American Indian or Alaska Native		Somewhat, I am:		Catholic 	Some college but no degree	Less than $15,000
2019-01-21 12:43:52	2019-01-21 12:49:26	IP Address	100	333	TRUE	2019-01-21 12:49:26	anonymous	EN	I consent, begin the study																2	99	0	93																				1	0	100	88	0	7	70	100																	34	Female		White		Not important.			High school graduate (high school diploma or equivalent including GED)	Less than $15,000
2019-01-21 12:49:56	2019-01-21 12:53:36	IP Address	100	220	TRUE	2019-01-21 12:53:36	anonymous	EN	I consent, begin the study	86	83	19	90	92	63	92																																								9	91	21	76													28	Male		White		Not important.			Associate degree in college (2-year)	$25,000 to $49,999
2019-01-21 12:48:39	2019-01-21 12:53:43	IP Address	100	304	TRUE	2019-01-21 12:53:44	anonymous	EN	I consent, begin the study																								20	0	100	100	97	20	36	100	100	36	61	19	62	38	83																									49	Female		White		Somewhat, I am:		Christianity	Some college but no degree	$25,000 to $49,999
2019-01-21 12:57:24	2019-01-21 13:01:42	IP Address	100	258	TRUE	2019-01-21 13:01:42	anonymous	EN	I consent, begin the study								10	60	90	100	0	20	40	65																																				80	70	0	30									27	Male		White		Not important.			Master's degree	Less than $15,000
2019-01-21 12:58:24	2019-01-21 13:04:07	IP Address	100	343	TRUE	2019-01-21 13:04:08	anonymous	EN	I consent, begin the study	100	80	20	90	90	20	100																																60	10	95	60	10	30	45	90																	27	Male		Other	Latino	Somewhat, I am:		Catholic	Bachelor's degree in college (4-year)	$50,000 to $79,999
2019-01-21 13:05:38	2019-01-21 13:10:05	IP Address	100	267	TRUE	2019-01-21 13:10:06	anonymous	EN	I consent, begin the study	89	34	0	72	38	0	81																																																86	11	13	85	0	0	87	100	20	Male		White		Somewhat, I am:		Catholic	Some college but no degree	$25,000 to $49,999
2019-01-21 13:07:54	2019-01-21 13:13:12	IP Address	100	317	TRUE	2019-01-21 13:13:12	anonymous	EN	I consent, begin the study								0	60	100	100	0	10	40	80																	80	60	40	20	100	40	100																									39	Male		White		Not important.			Bachelor's degree in college (4-year)	$80,000 to $124,999
2019-01-21 13:11:15	2019-01-21 13:14:06	IP Address	100	170	TRUE	2019-01-21 13:14:06	anonymous	EN	I consent, begin the study																20	77	20	86																																				100	35	27	84	63	85	100	69	33	Female		White		Not important.			Associate degree in college (2-year)	$50,000 to $79,999
2019-01-21 13:05:49	2019-01-21 13:14:39	IP Address	100	530	TRUE	2019-01-21 13:14:39	anonymous	EN	I consent, begin the study																39	77	34	80													79	81	100	69	73	71	80																									33	Male		White		Not important.			Bachelor's degree in college (4-year)	Less than $15,000
2019-01-21 13:11:16	2019-01-21 13:16:12	IP Address	100	296	TRUE	2019-01-21 13:16:13	anonymous	EN	I consent, begin the study																								40	20	90	60	80	30	85	95																								90	10	80	90	20	30	90	100	19	Male		White		Not important.			Some college but no degree	$125,000 to $179,999
2019-01-21 13:10:58	2019-01-21 13:18:02	IP Address	100	424	TRUE	2019-01-21 13:18:02	anonymous	EN	I consent, begin the study	70	67	35	66	36	24	40																																60	23	100	60	20	55	40	80																	20	Male		White		Yes, I am:	Christian		Some college but no degree	$125,000 to $179,999
2019-01-21 13:17:24	2019-01-21 13:20:17	IP Address	100	172	TRUE	2019-01-21 13:20:18	anonymous	EN	I consent, begin the study																								80	20	100	100	90	60	100	100	100	80	80	80	100	90	100																									30	Female		White		Not important.			Bachelor's degree in college (4-year)	$80,000 to $124,999
2019-01-21 13:16:42	2019-01-21 13:21:36	IP Address	100	294	TRUE	2019-01-21 13:21:37	anonymous	EN	I consent, begin the study	100	95	5	50	90	10	90																																0	0	100	75	0	0	75	100																	20	Male		White		Somewhat, I am:		Cathlic	Some college but no degree	$15,000 to $24,999
2019-01-21 13:17:53	2019-01-21 13:24:34	IP Address	100	401	TRUE	2019-01-21 13:24:34	anonymous	EN	I consent, begin the study								8	70	95	95	11	9	50	81																	50	50	85	30	30	30	30																									30	Female		Black or African American		Yes, I am:	Christian 		Bachelor's degree in college (4-year)	$50,000 to $79,999
2019-01-21 13:16:57	2019-01-21 13:24:56	IP Address	100	478	TRUE	2019-01-21 13:24:57	anonymous	EN	I consent, begin the study								9	69	82	100	8	63	60	80																																								80	5	50	90	50	30	90	80	24	Female		White,Asian		Not important.			Bachelor's degree in college (4-year)	$15,000 to $24,999
2019-01-21 13:17:12	2019-01-21 13:26:16	IP Address	100	544	TRUE	2019-01-21 13:26:17	anonymous	EN	I consent, begin the study																				0	90	0	10																								10	90	0	10													49	Male		White		Yes, I am:	Christianity		Master's degree	$125,000 to $179,999
2019-01-21 13:22:57	2019-01-21 13:28:46	IP Address	100	348	TRUE	2019-01-21 13:28:47	anonymous	EN	I consent, begin the study								7	41	81	98	5	20	45	71																																				82	25	7	38									25	Female		White		Not important.			Some college but no degree	$50,000 to $79,999
2019-01-21 13:25:13	2019-01-21 13:32:25	IP Address	100	431	TRUE	2019-01-21 13:32:25	anonymous	EN	I consent, begin the study																								92	10	99	60	61	33	89	91								20	7	90	55	2	14	40	65																	20	Male		White		Prefer not to disclose			Some college but no degree	$80,000 to $124,999
2019-01-21 13:28:57	2019-01-21 13:33:37	IP Address	100	280	TRUE	2019-01-21 13:33:38	anonymous	EN	I consent, begin the study	82	50	11	64	64	30	73																																																78	19	22	93	13	9	84	85	26	Male		White		Not important.			Some college but no degree	$50,000 to $79,999
2019-01-21 13:08:26	2019-01-21 13:38:30	IP Address	100	1803	TRUE	2019-01-21 13:38:30	anonymous	EN	I consent, begin the study																								76	77	71	64	82	69	87	71																92	67	85	67													25	Male		White		Yes, I am:				$80,000 to $124,999
2019-01-21 13:34:40	2019-01-21 13:42:56	IP Address	100	496	TRUE	2019-01-21 13:42:57	anonymous	EN	I consent, begin the study																20	100	10	90																				0	0	95	70	10	10	95	100																	59	Male		White		Yes, I am:	Christian		Some college but no degree	$25,000 to $49,999
2019-01-21 13:31:07	2019-01-21 13:44:25	IP Address	100	798	TRUE	2019-01-21 13:44:25	anonymous	EN	I consent, begin the study	90	75	30	70	70	10	85																									90	75	90	60	74	40	90																									21	Male		Asian		Not important.			Some college but no degree	$125,000 to $179,999
2019-01-21 13:40:19	2019-01-21 13:44:46	IP Address	100	266	TRUE	2019-01-21 13:44:46	anonymous	EN	I consent, begin the study																								90	0	100	50	90	75	100	100																0	80	0	70													30	Female		White		Not important.			Some college but no degree	$25,000 to $49,999
2019-01-21 13:53:31	2019-01-21 13:55:18	IP Address	100	106	TRUE	2019-01-21 13:55:18	anonymous	EN	I consent, begin the study																				0	100	0	0																												100	0	0	0									30	Male		White		Not important.			Master's degree	Less than $15,000
2019-01-21 13:50:23	2019-01-21 13:56:47	IP Address	100	384	TRUE	2019-01-21 13:56:47	anonymous	EN	I consent, begin the study								5	75	85	95	5	40	55	85																								70	5	95	30	5	40	60	90																	24	Male		White		Somewhat, I am:		Christian	Bachelor's degree in college (4-year)	$80,000 to $124,999
2019-01-21 13:55:22	2019-01-21 14:00:40	IP Address	100	318	TRUE	2019-01-21 14:00:41	anonymous	EN	I consent, begin the study	85	65	50	80	60	40	85																									100	70	85	70	85	65	85																									39	Male		White		Somewhat, I am:		Christian	Some college but no degree	$25,000 to $49,999
2019-01-21 13:59:46	2019-01-21 14:03:02	IP Address	100	195	TRUE	2019-01-21 14:03:02	anonymous	EN	I consent, begin the study																10	100	0	30																																				95	80	80	90	70	60	94	100	24	Male		White		Not important.			Bachelor's degree in college (4-year)	$50,000 to $79,999
2019-01-21 13:58:54	2019-01-21 14:03:22	IP Address	100	268	TRUE	2019-01-21 14:03:23	anonymous	EN	I consent, begin the study																								74	0	100	100	100	67	82	100																				30	10	18	100									35	Female		White		Somewhat, I am:		Christian 	Some college but no degree	$15,000 to $24,999
2019-01-21 14:02:34	2019-01-21 14:05:26	IP Address	100	172	TRUE	2019-01-21 14:05:27	anonymous	EN	I consent, begin the study								0	80	100	100	0	10	41	60																								0	0	100	20	0	0	71	80																	21	Female		White		Not important.			Some college but no degree	$80,000 to $124,999
2019-01-21 14:10:56	2019-01-21 14:14:24	IP Address	100	208	TRUE	2019-01-21 14:14:25	anonymous	EN	I consent, begin the study																								100	30	100	81	100	50	100	100																								100	50	100	100	100	0	100	100	27	Female		White		Prefer not to disclose			Associate degree in college (2-year)	$25,000 to $49,999
2019-01-21 14:20:07	2019-01-21 14:24:25	IP Address	100	257	TRUE	2019-01-21 14:24:25	anonymous	EN	I consent, begin the study	71	61	28	80	90	22	74																									78	59	84	31	82	17	82																									22	Female		White,Other	Hispanic	Yes, I am:	Catholic		Some college but no degree	$80,000 to $124,999
2019-01-21 14:25:33	2019-01-21 14:28:48	IP Address	100	194	TRUE	2019-01-21 14:28:48	anonymous	EN	I consent, begin the study								0	64	80	100	0	61	70	82																								11	0	100	61	0	50	62	70																	31	Female		White		Yes, I am:	Christianity		Professional degree (JD, MD)	$50,000 to $79,999
2019-01-21 14:24:27	2019-01-21 14:29:39	IP Address	100	311	TRUE	2019-01-21 14:29:39	anonymous	EN	I consent, begin the study																				37	50	6	60																								0	76	8	50													20	Female		Black or African American		Not important.			Some college but no degree	$15,000 to $24,999
2019-01-21 14:31:54	2019-01-21 14:37:32	IP Address	100	337	TRUE	2019-01-21 14:37:33	anonymous	EN	I consent, begin the study	100	85	10	75	50	1	45																									100	5	30	5	70	5	75																									31	Female		White,Black or African American		Somewhat, I am:		Paganistic Agnostic Atheist	Bachelor's degree in college (4-year)	$25,000 to $49,999
2019-01-21 14:35:40	2019-01-21 14:41:09	IP Address	100	329	TRUE	2019-01-21 14:41:10	anonymous	EN	I consent, begin the study																				50	81	66	60																																72	18	69	71	72	63	66	69	34	Female		White		Yes, I am:	Christian		Master's degree	$50,000 to $79,999
2019-01-21 22:33:03	2019-01-21 22:34:59	IP Address	100	116	TRUE	2019-01-21 22:35:00	anonymous	EN	I consent, begin the study																								67	35	81	67	87	60	40	100																				29	24	43	41									48	Female		Asian		Yes, I am:			Bachelor's degree in college (4-year)	$125,000 to $179,999
2019-01-21 22:32:24	2019-01-21 22:35:17	IP Address	100	173	TRUE	2019-01-21 22:35:18	anonymous	EN	I consent, begin the study																				15	88	6	86																												74	23	6	79									35	Male		White		Not important.			Bachelor's degree in college (4-year)	$50,000 to $79,999
2019-01-21 22:32:14	2019-01-21 22:35:17	IP Address	100	183	TRUE	2019-01-21 22:35:20	anonymous	EN	I consent, begin the study																								100	0	100	100	100	0	100	0	100	50	100	0	100	0	100																									38	Female		White		Yes, I am:	Christian		Associate degree in college (2-year)	$50,000 to $79,999
2019-01-21 22:33:11	2019-01-21 22:35:58	IP Address	100	166	TRUE	2019-01-21 22:35:59	anonymous	EN	I consent, begin the study								10	40	90	100	0	10	50	90																																								95	20	80	95	75	10	90	100	32	Male		White		Not important.			Bachelor's degree in college (4-year)	$50,000 to $79,999
2019-01-21 22:32:05	2019-01-21 22:36:22	IP Address	100	256	TRUE	2019-01-21 22:36:22	anonymous	EN	I consent, begin the study	95	20	0	70	10	0	25																																								0	20	5	25													39	Female		White		Yes, I am:	Christian (non-denominational) 		Professional degree (JD, MD)	$180,000 or more
2019-01-21 22:32:09	2019-01-21 22:36:38	IP Address	100	269	TRUE	2019-01-21 22:36:39	anonymous	EN	I consent, begin the study								0	29	71	91	14	21	35	36																																								80	34	47	83	30	19	36	60	22	Male		White		Not important.			Some college but no degree	Less than $15,000
2019-01-21 22:34:12	2019-01-21 22:36:45	IP Address	100	153	TRUE	2019-01-21 22:36:46	anonymous	EN	I consent, begin the study	70	62	42	57	55	15	67																																7	10	70	71	18	16	46	45																	28	Male		White		Not important.			Bachelor's degree in college (4-year)	$50,000 to $79,999
2019-01-21 22:35:58	2019-01-21 22:36:58	IP Address	100	60	TRUE	2019-01-21 22:36:59	anonymous	EN	I consent, begin the study																94	89	0	4																																61	61	86	64									36	Female		White		Yes, I am:	Catholic 		Bachelor's degree in college (4-year)	Less than $15,000
2019-01-21 22:33:44	2019-01-21 22:37:09	IP Address	100	204	TRUE	2019-01-21 22:37:09	anonymous	EN	I consent, begin the study								93	71	85	93	96	93	93	79																	90	91	95	91	96	95	97																									49	Male		White		Not important.			Bachelor's degree in college (4-year)	$15,000 to $24,999
2019-01-21 22:33:31	2019-01-21 22:37:11	IP Address	100	219	TRUE	2019-01-21 22:37:11	anonymous	EN	I consent, begin the study																80	100	0	20																				0	0	100	30	0	0	0	10																	49	Male		White		Not important.			Master's degree	$125,000 to $179,999
2019-01-21 22:33:19	2019-01-21 22:37:33	IP Address	100	253	TRUE	2019-01-21 22:37:33	anonymous	EN	I consent, begin the study	80	20	0	20	30	0	50																																0	0	19	71	83	90	12	100																	29	Male		White		Yes, I am:			Bachelor's degree in college (4-year)	$50,000 to $79,999
2019-01-21 22:32:31	2019-01-21 22:38:12	IP Address	100	340	TRUE	2019-01-21 22:38:12	anonymous	EN	I consent, begin the study								41	100	25	100	57	100	100	100																																								93	71	15	92	100	100	84	100	25	Female		White		Not important.			Bachelor's degree in college (4-year)	$80,000 to $124,999
2019-01-21 22:34:14	2019-01-21 22:38:20	IP Address	100	246	TRUE	2019-01-21 22:38:21	anonymous	EN	I consent, begin the study								19	60	82	100	8	13	7	14																	100	60	60	60	80	80	80																									38	Female		White		Not important.			Bachelor's degree in college (4-year)	$15,000 to $24,999
2019-01-21 22:32:20	2019-01-21 22:38:45	IP Address	100	385	TRUE	2019-01-21 22:38:45	anonymous	EN	I consent, begin the study																								51	0	50	100	50	40	40	100																								0	50	50	100	90	85	35	100	39	Female		White		Yes, I am:	Christian		High school graduate (high school diploma or equivalent including GED)	$25,000 to $49,999
2019-01-21 22:33:46	2019-01-21 22:38:47	IP Address	100	300	TRUE	2019-01-21 22:38:47	anonymous	EN	I consent, begin the study	73	66	85	77	72	83	88																																																81	74	73	81	79	72	74	73	29	Male		American Indian or Alaska Native		Yes, I am:	HINDU		Bachelor's degree in college (4-year)	$80,000 to $124,999
2019-01-21 22:32:40	2019-01-21 22:39:02	IP Address	100	381	TRUE	2019-01-21 22:39:02	anonymous	EN	I consent, begin the study								0	27	66	82	5	29	36	61																	80	53	92	29	81	20	86																									29	Female		Black or African American,Asian		Not important.			Bachelor's degree in college (4-year)	Less than $15,000
2019-01-21 22:35:51	2019-01-21 22:39:08	IP Address	100	196	TRUE	2019-01-21 22:39:08	anonymous	EN	I consent, begin the study																								92	0	92	92	95	10	91	69																								100	93	94	92	93	15	93	9	31	Male		White		Not important.			High school graduate (high school diploma or equivalent including GED)	$15,000 to $24,999
2019-01-21 22:34:39	2019-01-21 22:39:17	IP Address	100	277	TRUE	2019-01-21 22:39:17	anonymous	EN	I consent, begin the study								0	80	100	100	0	50	15	90																																0	100	0	100													39	Male		Asian		Not important.			High school graduate (high school diploma or equivalent including GED)	Less than $15,000
2019-01-21 22:34:47	2019-01-21 22:39:23	IP Address	100	275	TRUE	2019-01-21 22:39:23	anonymous	EN	I consent, begin the study																				20	75	3	8																												32	12	1	3									60	Male		White		Not important.			High school graduate (high school diploma or equivalent including GED)	$80,000 to $124,999
2019-01-21 22:32:14	2019-01-21 22:40:28	IP Address	100	493	TRUE	2019-01-21 22:40:28	anonymous	EN	I consent, begin the study																								91	0	94	95	91	7	96	99																								100	4	95	99	100	62	100	100	59	Male		White		Yes, I am:	Protestant		High school graduate (high school diploma or equivalent including GED)	Less than $15,000
2019-01-21 22:32:15	2019-01-21 22:40:59	IP Address	100	523	TRUE	2019-01-21 22:40:59	anonymous	EN	I consent, begin the study	100	100	69	100	60	62	100																																0	0	100	53	0	28	62	91																	54	Female		White		Yes, I am:	Catholic		Bachelor's degree in college (4-year)	$80,000 to $124,999
2019-01-21 22:34:38	2019-01-21 22:41:24	IP Address	100	405	TRUE	2019-01-21 22:41:24	anonymous	EN	I consent, begin the study	81	81	0	81	48	0	63																									43	70	0	67	61	59	62																									47	Male		White		Not important.			Some college but no degree	$15,000 to $24,999
2019-01-21 22:32:14	2019-01-21 22:41:30	IP Address	100	555	TRUE	2019-01-21 22:41:30	anonymous	EN	I consent, begin the study																								62	61	60	71	40	50	54	64	40	40	40	40	61	61	60																									24	Female		Asian		Yes, I am:			Master's degree	$80,000 to $124,999
2019-01-21 22:38:10	2019-01-21 22:42:04	IP Address	100	234	TRUE	2019-01-21 22:42:04	anonymous	EN	I consent, begin the study																								10	49	100	67	8	22	89	76	64	14	36	56	58	74	37																									28	Female		White		Not important.			Some college but no degree	$25,000 to $49,999
2019-01-21 22:35:58	2019-01-21 22:42:13	IP Address	100	375	TRUE	2019-01-21 22:42:13	anonymous	EN	I consent, begin the study																				62	93	30	84																								77	63	67	92													29	Female		Black or African American		Yes, I am:			Bachelor's degree in college (4-year)	$125,000 to $179,999
2019-01-21 22:39:56	2019-01-21 22:42:14	IP Address	100	138	TRUE	2019-01-21 22:42:15	anonymous	EN	I consent, begin the study																16	90	0	25																				1	29	33	50	25	14	34	20																	29	Male		White		Not important.			Associate degree in college (2-year)	$80,000 to $124,999
2019-01-21 22:41:00	2019-01-21 22:42:34	IP Address	100	94	TRUE	2019-01-21 22:42:34	anonymous	EN	I consent, begin the study																				85	100	0	0																								15	81	0	61													39	Male		White		Somewhat, I am:		Christian	Some college but no degree	$50,000 to $79,999
2019-01-21 22:34:36	2019-01-21 22:42:55	IP Address	100	499	TRUE	2019-01-21 22:42:55	anonymous	EN	I consent, begin the study	94	96	93	97	87	97	92																																								90	93	93	94													41	Male		White		Yes, I am:			Master's degree	$50,000 to $79,999
2019-01-21 22:42:00	2019-01-21 22:43:03	IP Address	100	63	TRUE	2019-01-21 22:43:04	anonymous	EN	I consent, begin the study								70	62	41	73	72	73	35	76																																								67	62	41	71	82	59	49	69	23	Male		White		Yes, I am:			Bachelor's degree in college (4-year)	$50,000 to $79,999
2019-01-21 22:39:37	2019-01-21 22:43:12	IP Address	100	214	TRUE	2019-01-21 22:43:12	anonymous	EN	I consent, begin the study								0	70	100	100	10	41	37	62																																				31	0	38	71									34	Female		White		Yes, I am:	Born again believer in Jesus Christ		Some college but no degree	$25,000 to $49,999
2019-01-21 22:37:42	2019-01-21 22:43:23	IP Address	100	341	TRUE	2019-01-21 22:43:24	anonymous	EN	I consent, begin the study								9	64	69	93	6	23	30	65																								12	1	90	42	4	2	39	65																	57	Male		White		Somewhat, I am:		Christian	Bachelor's degree in college (4-year)	$125,000 to $179,999
2019-01-21 22:37:17	2019-01-21 22:43:31	IP Address	100	374	TRUE	2019-01-21 22:43:32	anonymous	EN	I consent, begin the study								7	62	100	100	0	4	30	72																																								81	8	38	82	55	29	91	71	49	Female		White		Not important.			Bachelor's degree in college (4-year)	$80,000 to $124,999
2019-01-21 22:32:11	2019-01-21 22:43:49	IP Address	100	697	TRUE	2019-01-21 22:43:50	anonymous	EN	I consent, begin the study																								80	0	90	95	50	50	95	100								50	50	100	90	0	0	20	50																	29	Female		White,Black or African American,American Indian or Alaska Native,Asian		Yes, I am:	Spiritual		Some college but no degree	$25,000 to $49,999
2019-01-21 22:40:44	2019-01-21 22:43:54	IP Address	100	189	TRUE	2019-01-21 22:43:54	anonymous	EN	I consent, begin the study	100	80	0	80	100	70	80																																																100	90	20	100	100	91	10	90	26	Male		White		Not important.			Some college but no degree	$25,000 to $49,999
2019-01-21 22:37:42	2019-01-21 22:43:56	IP Address	100	373	TRUE	2019-01-21 22:43:57	anonymous	EN	I consent, begin the study	79	71	50	62	45	23	56																																17	11	80	50	16	44	55	70																	34	Female		Black or African American,Asian		Somewhat, I am:			Associate degree in college (2-year)	$50,000 to $79,999
2019-01-21 22:42:39	2019-01-21 22:44:32	IP Address	100	112	TRUE	2019-01-21 22:44:32	anonymous	EN	I consent, begin the study																				23	100	33	70									83	65	100	69	37	16	86																									26	Male		White		Not important.			Bachelor's degree in college (4-year)	$25,000 to $49,999
2019-01-21 22:42:07	2019-01-21 22:45:12	IP Address	100	184	TRUE	2019-01-21 22:45:12	anonymous	EN	I consent, begin the study																59	50	71	3																				30	60	11	9	29	72	82	70																	40	Male		Asian		Not important.			Some college but no degree	$25,000 to $49,999
2019-01-21 22:42:57	2019-01-21 22:45:21	IP Address	100	143	TRUE	2019-01-21 22:45:22	anonymous	EN	I consent, begin the study								0	30	50	90	0	10	10	50																																				10	10	0	25									24	Male		White		Not important.			High school graduate (high school diploma or equivalent including GED)	$50,000 to $79,999
2019-01-21 22:32:54	2019-01-21 22:45:40	IP Address	100	765	TRUE	2019-01-21 22:45:40	anonymous	EN	I consent, begin the study																0	100	0	25													100	20	100	0	70	0	70																									48	Female		White		Yes, I am:			Associate degree in college (2-year)	$80,000 to $124,999
2019-01-21 22:44:00	2019-01-21 22:45:41	IP Address	100	101	TRUE	2019-01-21 22:45:42	anonymous	EN	I consent, begin the study																								21	29	88	69	20	42	90	79																								77	33	31	67	28	23	90	80	31	Male		White		Not important.			Bachelor's degree in college (4-year)	$50,000 to $79,999
2019-01-21 22:44:39	2019-01-21 22:46:20	IP Address	100	100	TRUE	2019-01-21 22:46:21	anonymous	EN	I consent, begin the study	83	43	23	61	50	35	81																																35	18	82	45	0	40	57	70																	25	Female		White		Not important.			Bachelor's degree in college (4-year)	$25,000 to $49,999
2019-01-21 22:39:35	2019-01-21 22:47:21	IP Address	100	465	TRUE	2019-01-21 22:47:22	anonymous	EN	I consent, begin the study																								60	10	80	90	50	60	92	100																0	80	0	70													46	Female		White		Not important.			Master's degree	$50,000 to $79,999
2019-01-21 22:44:17	2019-01-21 22:48:33	IP Address	100	255	TRUE	2019-01-21 22:48:33	anonymous	EN	I consent, begin the study																								87	73	74	70	73	85	67	80	0	51	25	33	63	58	66																									29	Male		White		Yes, I am:			Some college but no degree	$25,000 to $49,999
2019-01-21 22:33:05	2019-01-21 22:48:58	IP Address	100	952	TRUE	2019-01-21 22:48:58	anonymous	EN	I consent, begin the study																								1	2	90	91	1	2	91	93								2	1	50	50	7	7	90	90																	38	Male		Black or African American		Yes, I am:			Bachelor's degree in college (4-year)	$125,000 to $179,999
2019-01-21 22:46:31	2019-01-21 22:49:15	IP Address	100	163	TRUE	2019-01-21 22:49:15	anonymous	EN	I consent, begin the study								12	64	74	94	4	17	33	80																	92	22	6	19	70	29	92																									34	Female		White		Not important.			Associate degree in college (2-year)	$50,000 to $79,999
2019-01-21 22:45:16	2019-01-21 22:49:29	IP Address	100	252	TRUE	2019-01-21 22:49:29	anonymous	EN	I consent, begin the study																0	100	0	90																				0	0	100	80	0	20	95	100																	59	Female		White		Not important.			Some college but no degree	$15,000 to $24,999
2019-01-21 22:46:52	2019-01-21 22:50:21	IP Address	100	208	TRUE	2019-01-21 22:50:22	anonymous	EN	I consent, begin the study								5	5	50	100	0	10	6	70																																								100	20	30	100	30	25	85	100	36	Female		White		Somewhat, I am:		Christian, Methodist	High school graduate (high school diploma or equivalent including GED)	$80,000 to $124,999
2019-01-21 22:47:23	2019-01-21 22:51:02	IP Address	100	219	TRUE	2019-01-21 22:51:03	anonymous	EN	I consent, begin the study																				10	77	5	18																19	6	97	42	3	34	26	87																	43	Male		White		Yes, I am:	Baptist		Some college but no degree	$80,000 to $124,999
2019-01-21 22:34:00	2019-01-21 22:51:13	IP Address	100	1033	TRUE	2019-01-21 22:51:14	anonymous	EN	I consent, begin the study	30	62	70	37	81	5	88																																																91	20	86	79	80	90	83	94	38	Female		White		Not important.			Bachelor's degree in college (4-year)	$50,000 to $79,999
2019-01-21 22:48:47	2019-01-21 22:51:49	IP Address	100	182	TRUE	2019-01-21 22:51:50	anonymous	EN	I consent, begin the study	100	76	70	85	77	50	85																																								7	86	25	85													28	Female		White		Yes, I am:	Evangelist Christian 		Some college but no degree	$50,000 to $79,999
2019-01-21 22:47:41	2019-01-21 22:52:07	IP Address	100	265	TRUE	2019-01-21 22:52:07	anonymous	EN	I consent, begin the study	100	98	0	98	100	0	100																																0	0	55	54	0	0	1	1																	34	Female		White		Not important.			Associate degree in college (2-year)	$80,000 to $124,999
2019-01-21 22:48:39	2019-01-21 22:52:17	IP Address	100	218	TRUE	2019-01-21 22:52:18	anonymous	EN	I consent, begin the study																								84	11	86	69	80	88	95	89																				16	19	8	65									36	Female		White		Not important.			Master's degree	$25,000 to $49,999
2019-01-21 22:49:05	2019-01-21 22:52:27	IP Address	100	201	TRUE	2019-01-21 22:52:28	anonymous	EN	I consent, begin the study								0	75	95	100	0	5	25	50																																								100	50	30	99	50	50	100	100	35	Female		White		Not important.			Bachelor's degree in college (4-year)	$15,000 to $24,999
2019-01-21 22:48:18	2019-01-21 22:52:33	IP Address	100	255	TRUE	2019-01-21 22:52:33	anonymous	EN	I consent, begin the study																14	93	14	53													62	70	29	72	39	44	52																									47	Female		White		Yes, I am:	spiritual		Less than high school degree	$50,000 to $79,999
2019-01-21 22:49:59	2019-01-21 22:52:56	IP Address	100	177	TRUE	2019-01-21 22:52:56	anonymous	EN	I consent, begin the study																				15	90	10	60																												85	10	10	65									27	Male		White		Not important.			Some college but no degree	$25,000 to $49,999
2019-01-21 22:49:46	2019-01-21 22:53:04	IP Address	100	198	TRUE	2019-01-21 22:53:04	anonymous	EN	I consent, begin the study																								34	1	84	75	21	17	96	98																								92	10	30	92	25	20	92	99	36	Male		White		Not important.			Bachelor's degree in college (4-year)	$25,000 to $49,999
2019-01-21 22:49:57	2019-01-21 22:53:38	IP Address	100	221	TRUE	2019-01-21 22:53:38	anonymous	EN	I consent, begin the study																								100	23	100	33	82	63	100	100	100	65	100	55	100	69	80																									33	Female		White		Not important.			Master's degree	$50,000 to $79,999
2019-01-21 22:50:44	2019-01-21 22:53:38	IP Address	100	174	TRUE	2019-01-21 22:53:39	anonymous	EN	I consent, begin the study	86	72	56	84	55	37	72																																26	26	86	60	59	72	56	87																	33	Male		White		Yes, I am:	christian		Some college but no degree	$50,000 to $79,999
2019-01-21 22:47:12	2019-01-21 22:55:45	IP Address	100	513	TRUE	2019-01-21 22:55:45	anonymous	EN	I consent, begin the study								0	70	100	100	0	10	7	20																	100	50	82	50	100	40	100																									28	Male		White		Not important.			High school graduate (high school diploma or equivalent including GED)	$25,000 to $49,999
2019-01-21 22:53:42	2019-01-21 22:56:11	IP Address	100	149	TRUE	2019-01-21 22:56:12	anonymous	EN	I consent, begin the study																								43	1	97	99	27	2	79	97	100	5	65	4	77	4	93																									38	Female		White		Not important.			Master's degree	$25,000 to $49,999
2019-01-21 22:53:42	2019-01-21 22:57:31	IP Address	100	229	TRUE	2019-01-21 22:57:31	anonymous	EN	I consent, begin the study	20	20	20	80	20	20	20																																8	12	73	50	50	21	79	50																	30	Male		White		Not important.			Bachelor's degree in college (4-year)	Less than $15,000
2019-01-21 22:53:39	2019-01-21 22:57:58	IP Address	100	259	TRUE	2019-01-21 22:57:59	anonymous	EN	I consent, begin the study																				78	81	29	17																																70	85	40	34	56	84	84	96	55	Female		White		Somewhat, I am:			Associate degree in college (2-year)	$50,000 to $79,999
2019-01-21 22:55:11	2019-01-21 22:58:13	IP Address	100	182	TRUE	2019-01-21 22:58:14	anonymous	EN	I consent, begin the study																								87	4	96	68	86	34	92	80																								86	25	83	90	81	59	90	79	28	Female		White		Not important.			Bachelor's degree in college (4-year)	$25,000 to $49,999
2019-01-21 22:53:49	2019-01-21 22:58:21	IP Address	100	272	TRUE	2019-01-21 22:58:22	anonymous	EN	I consent, begin the study	95	75	10	90	60	5	80																																								5	75	5	90													45	Male		White		Somewhat, I am:		Jewish	Some college but no degree	$25,000 to $49,999
2019-01-21 22:55:52	2019-01-21 22:58:25	IP Address	100	153	TRUE	2019-01-21 22:58:25	anonymous	EN	I consent, begin the study																								10	0	88	50	20	50	93	25																				74	26	88	9									22	Male		White		Yes, I am:			High school graduate (high school diploma or equivalent including GED)	$50,000 to $79,999
2019-01-21 22:56:00	2019-01-21 22:59:58	IP Address	100	238	TRUE	2019-01-21 22:59:59	anonymous	EN	I consent, begin the study																30	100	0	29													100	20	29	0	84	77	100																									48	Female		White		Not important.			High school graduate (high school diploma or equivalent including GED)	Less than $15,000
2019-01-21 22:57:38	2019-01-21 23:00:09	IP Address	100	150	TRUE	2019-01-21 23:00:09	anonymous	EN	I consent, begin the study																25	92	8	40																																				70	51	62	90	65	48	74	94	70	Female		White		Not important.			High school graduate (high school diploma or equivalent including GED)	$15,000 to $24,999
2019-01-21 22:51:27	2019-01-21 23:00:23	IP Address	100	536	TRUE	2019-01-21 23:00:23	anonymous	EN	I consent, begin the study								10	50	100	100	0	0	0	50																								0	0	100	50	0	0	0	0																	38	Female		Black or African American		Somewhat, I am:			Associate degree in college (2-year)	$15,000 to $24,999
2019-01-21 22:58:33	2019-01-21 23:00:45	IP Address	100	131	TRUE	2019-01-21 23:00:45	anonymous	EN	I consent, begin the study																				25	92	3	37																								7	40	0	46													31	Female		White		Not important.			Some college but no degree	$25,000 to $49,999
2019-01-21 22:55:39	2019-01-21 23:01:12	IP Address	100	332	TRUE	2019-01-21 23:01:12	anonymous	EN	I consent, begin the study								7	61	37	100	0	9	58	71																								10	0	100	91	0	9	80	99																	29	Male		White		Not important.			Master's degree	$25,000 to $49,999
2019-01-21 22:59:57	2019-01-21 23:02:42	IP Address	100	165	TRUE	2019-01-21 23:02:43	anonymous	EN	I consent, begin the study	100	94	72	94	92	54	92																																8	0	92	37	0	12	12	30																	28	Male		White		Not important.			Some college but no degree	$15,000 to $24,999
2019-01-21 22:58:43	2019-01-21 23:02:53	IP Address	100	250	TRUE	2019-01-21 23:02:54	anonymous	EN	I consent, begin the study																				31	72	0	0									70	80	100	61	0	0	0																									52	Female		Asian		Somewhat, I am:			High school graduate (high school diploma or equivalent including GED)	$50,000 to $79,999
2019-01-21 23:00:48	2019-01-21 23:03:04	IP Address	100	135	TRUE	2019-01-21 23:03:04	anonymous	EN	I consent, begin the study	81	81	50	91	50	17	83																									81	50	84	21	77	10	96																									33	Female		Black or African American		Somewhat, I am:		christian	Associate degree in college (2-year)	$80,000 to $124,999
2019-01-21 22:59:05	2019-01-21 23:03:36	IP Address	100	270	TRUE	2019-01-21 23:03:36	anonymous	EN	I consent, begin the study								0	50	90	100	0	20	60	100																																								90	10	20	100	10	10	90	100	38	Male		White		Not important.			Bachelor's degree in college (4-year)	$80,000 to $124,999
2019-01-21 22:59:00	2019-01-21 23:03:37	IP Address	100	276	TRUE	2019-01-21 23:03:37	anonymous	EN	I consent, begin the study								0	60	90	100	20	55	25	81																																5	95	35	70													37	Male		White		Somewhat, I am:			Some college but no degree	$25,000 to $49,999
2019-01-21 22:58:02	2019-01-21 23:04:59	IP Address	100	416	TRUE	2019-01-21 23:04:59	anonymous	EN	I consent, begin the study	97	75	16	80	64	5	73																																																97	7	20	100	80	23	100	100	36	Male		White		Not important.			High school graduate (high school diploma or equivalent including GED)	$15,000 to $24,999
2019-01-21 23:02:46	2019-01-21 23:05:00	IP Address	100	134	TRUE	2019-01-21 23:05:00	anonymous	EN	I consent, begin the study								39	63	50	62	61	50	50	56																																								60	50	50	59	79	82	69	50	33	Female		White		Yes, I am:	Catholic		Some college but no degree	$50,000 to $79,999
2019-01-21 23:00:34	2019-01-21 23:05:05	IP Address	100	271	TRUE	2019-01-21 23:05:06	anonymous	EN	I consent, begin the study																								50	5	80	70	30	20	95	100	100	25	90	25	100	20	100																									59	Male		White		Not important.			Some college but no degree	$25,000 to $49,999
2019-01-21 22:57:04	2019-01-21 23:06:51	IP Address	100	586	TRUE	2019-01-21 23:06:51	anonymous	EN	I consent, begin the study								40	80	100	100	0	10	40	60																								0	0	50	25	0	10	75	95																	58	Male		White		Yes, I am:	Catholic 		Some college but no degree	$15,000 to $24,999
2019-01-21 22:49:45	2019-01-21 23:09:56	IP Address	100	1210	TRUE	2019-01-21 23:09:56	anonymous	EN	I consent, begin the study	100	94	31	91	84	8	95																									98	61	96	34	72	7	90																									29	Female		White		Not important.			Some college but no degree	Less than $15,000
2019-01-21 23:00:04	2019-01-21 23:10:38	IP Address	100	633	TRUE	2019-01-21 23:10:38	anonymous	EN	I consent, begin the study																								23	28	85	76	15	25	86	72																				75	23	18	81									42	Male		White		Not important.			Bachelor's degree in college (4-year)	$25,000 to $49,999
2019-01-21 23:10:23	2019-01-21 23:12:43	IP Address	100	139	TRUE	2019-01-21 23:12:43	anonymous	EN	I consent, begin the study																50	100	0	50																																50	100	20	60									28	Female		Asian		Not important.			Some college but no degree	$25,000 to $49,999
2019-01-21 23:08:25	2019-01-21 23:13:26	IP Address	100	300	TRUE	2019-01-21 23:13:26	anonymous	EN	I consent, begin the study	100	87	16	95	36	2	59																																70	0	68	36	0	2	30	83																	52	Female		White		Yes, I am:	Christian		Associate degree in college (2-year)	$25,000 to $49,999
2019-01-21 23:14:51	2019-01-21 23:18:39	IP Address	100	227	TRUE	2019-01-21 23:18:41	anonymous	EN	I consent, begin the study																								71	28	91	50	50	50	92	71																9	50	8	50													39	Male		White		Not important.			Some college but no degree	$25,000 to $49,999
2019-01-21 23:16:20	2019-01-21 23:18:47	IP Address	100	147	TRUE	2019-01-21 23:18:47	anonymous	EN	I consent, begin the study	100	50	71	85	100	8	100																																87	0	88	50	0	50	19	100																	45	Female		White		Not important.			Associate degree in college (2-year)	$50,000 to $79,999
2019-01-21 23:15:45	2019-01-21 23:19:43	IP Address	100	237	TRUE	2019-01-21 23:19:43	anonymous	EN	I consent, begin the study	100	90	0	90	100	40	100																									100	10	95	10	100	40	100																									35	Female		White		Yes, I am:	protestant Christian 		Associate degree in college (2-year)	$80,000 to $124,999
2019-01-21 23:16:31	2019-01-21 23:20:43	IP Address	100	252	TRUE	2019-01-21 23:20:44	anonymous	EN	I consent, begin the study																								100	43	100	90	100	90	100	100								10	10	40	40	10	10	40	40																	35	Male		White		Not important.			Bachelor's degree in college (4-year)	$25,000 to $49,999
2019-01-21 23:15:42	2019-01-21 23:21:09	IP Address	100	326	TRUE	2019-01-21 23:21:09	anonymous	EN	I consent, begin the study								15	60	70	100	10	40	60	80																																								85	30	50	95	50	40	70	95	25	Male		Black or African American		Not important.			Bachelor's degree in college (4-year)	$125,000 to $179,999
2019-01-21 23:17:38	2019-01-21 23:21:25	IP Address	100	227	TRUE	2019-01-21 23:21:26	anonymous	EN	I consent, begin the study																76	100	0	22													100	72	72	25	75	25	75																									41	Male		White		Not important.			High school graduate (high school diploma or equivalent including GED)	$25,000 to $49,999
2019-01-21 23:20:04	2019-01-21 23:22:25	IP Address	100	141	TRUE	2019-01-21 23:22:25	anonymous	EN	I consent, begin the study																								100	4	98	50	96	72	100	95																5	66	0	21													35	Male		White		Somewhat, I am:		Protestant	Bachelor's degree in college (4-year)	$50,000 to $79,999
2019-01-21 23:17:39	2019-01-21 23:22:31	IP Address	100	291	TRUE	2019-01-21 23:22:31	anonymous	EN	I consent, begin the study								15	70	90	100	0	20	35	65																																								95	55	85	100	75	30	100	85	23	Male		White,Black or African American		Yes, I am:	Christianity		Some college but no degree	$125,000 to $179,999
2019-01-21 23:22:41	2019-01-21 23:23:40	IP Address	100	59	TRUE	2019-01-21 23:23:41	anonymous	EN	I consent, begin the study																				9	13	2	6																												92	88	0	0									29	Female		Asian		Not important.			Bachelor's degree in college (4-year)	$25,000 to $49,999
2019-01-21 23:22:00	2019-01-21 23:23:42	IP Address	100	102	TRUE	2019-01-21 23:23:45	anonymous	EN	I consent, begin the study																				18	75	15	79																45	12	35	82	22	34	47	74																	28	Male		White		Yes, I am:	spiritual		Bachelor's degree in college (4-year)	$50,000 to $79,999
2019-01-21 23:25:28	2019-01-21 23:29:14	IP Address	100	226	TRUE	2019-01-21 23:29:15	anonymous	EN	I consent, begin the study	100	82	60	90	30	10	40																																																80	60	80	100	80	60	90	100	48	Female		White		Not important.			Associate degree in college (2-year)	$25,000 to $49,999
2019-01-21 23:23:13	2019-01-21 23:29:52	IP Address	100	399	TRUE	2019-01-21 23:29:53	anonymous	EN	I consent, begin the study																								77	39	60	40	35	63	84	82	78	60	39	34	41	27	72																									32	Male		White		Not important.			Some college but no degree	$25,000 to $49,999
2019-01-21 23:25:19	2019-01-21 23:31:53	IP Address	100	394	TRUE	2019-01-21 23:31:54	anonymous	EN	I consent, begin the study								50	50	50	50	50	50	50	50																	50	50	50	50	50	50	50																									34	Male		White		Prefer not to disclose			High school graduate (high school diploma or equivalent including GED)	Less than $15,000
2019-01-21 23:38:43	2019-01-21 23:48:10	IP Address	100	566	TRUE	2019-01-21 23:48:11	anonymous	EN	I consent, begin the study	100	100	82	100	70	59	78																																																100	44	67	73	59	42	100	89	25	Female		Asian		Not important.			Bachelor's degree in college (4-year)	$25,000 to $49,999
2019-01-21 23:51:05	2019-01-21 23:59:14	IP Address	100	489	TRUE	2019-01-21 23:59:14	anonymous	EN	I consent, begin the study								9	54	56	85	8	40	44	68																																				61	44	43	65									35	Male		White		Not important.			Bachelor's degree in college (4-year)	$15,000 to $24,999
2019-01-21 23:57:34	2019-01-22 0:03:28	IP Address	100	353	TRUE	2019-01-22 0:03:30	anonymous	EN	I consent, begin the study																								91	13	94	91	90	50	94	100								5	0	95	74	1	5	35	50																	54	Female		White		Somewhat, I am:		agnostic but spiritual	Bachelor's degree in college (4-year)	$25,000 to $49,999
2019-01-22 1:25:48	2019-01-22 1:27:19	IP Address	100	91	TRUE	2019-01-22 1:27:20	anonymous	EN	I consent, begin the study																63	100	54	100																												60	100	66	97													29	Female		White		Yes, I am:	Atheist		Master's degree	$50,000 to $79,999
2019-01-22 1:25:17	2019-01-22 1:28:25	IP Address	100	187	TRUE	2019-01-22 1:28:25	anonymous	EN	I consent, begin the study																90	100	0	20																																				100	30	100	100	71	30	100	100	35	Male		White,American Indian or Alaska Native		Not important.			Bachelor's degree in college (4-year)	$50,000 to $79,999
2019-01-22 1:25:20	2019-01-22 1:28:37	IP Address	100	196	TRUE	2019-01-22 1:28:37	anonymous	EN	I consent, begin the study								0	72	100	100	0	8	21	6																	100	38	82	35	5	9	9																									51	Female		White		Not important.			Master's degree	$125,000 to $179,999
2019-01-22 1:25:15	2019-01-22 1:28:59	IP Address	100	223	TRUE	2019-01-22 1:29:00	anonymous	EN	I consent, begin the study																				22	78	2	31									94	58	91	58	90	31	96																									51	Male		White		Somewhat, I am:		Protestant	Associate degree in college (2-year)	$50,000 to $79,999
2019-01-22 1:25:35	2019-01-22 1:29:02	IP Address	100	207	TRUE	2019-01-22 1:29:03	anonymous	EN	I consent, begin the study																								90	11	98	80	93	70	93	100	100	38	74	56	81	64	86																									32	Male		White		Not important.			Bachelor's degree in college (4-year)	$50,000 to $79,999
2019-01-22 1:25:22	2019-01-22 1:29:32	IP Address	100	250	TRUE	2019-01-22 1:29:32	anonymous	EN	I consent, begin the study																10	100	0	75																																				100	0	100	100	20	20	100	80	64	Male		White		Yes, I am:	Christian		Some college but no degree	$50,000 to $79,999
2019-01-22 1:27:20	2019-01-22 1:29:55	IP Address	100	154	TRUE	2019-01-22 1:29:55	anonymous	EN	I consent, begin the study	92	50	50	50	35	30	54																																																95	34	14	87	42	63	84	74	26	Male		White		Not important.			Some college but no degree	Less than $15,000
2019-01-22 1:25:16	2019-01-22 1:30:06	IP Address	100	289	TRUE	2019-01-22 1:30:06	anonymous	EN	I consent, begin the study																								80	0	100	100	86	80	100	100																				85	9	5	90									45	Male		White		Not important.			Some college but no degree	$80,000 to $124,999
2019-01-22 1:25:30	2019-01-22 1:30:09	IP Address	100	279	TRUE	2019-01-22 1:30:10	anonymous	EN	I consent, begin the study																				25	85	0	30																20	2	100	58	6	10	50	71																	51	Male		White		Not important.			Bachelor's degree in college (4-year)	Less than $15,000
2019-01-22 1:27:04	2019-01-22 1:30:11	IP Address	100	187	TRUE	2019-01-22 1:30:11	anonymous	EN	I consent, begin the study																								20	10	80	90	20	30	70	90																				90	15	10	40									32	Female		White		Not important.			Associate degree in college (2-year)	$25,000 to $49,999
2019-01-22 1:25:17	2019-01-22 1:30:16	IP Address	100	298	TRUE	2019-01-22 1:30:16	anonymous	EN	I consent, begin the study								1	59	80	99	0	23	42	81																								15	1	98	72	0	6	42	83																	36	Male		White		Somewhat, I am:		Catholic	Master's degree	$125,000 to $179,999
2019-01-22 1:25:53	2019-01-22 1:31:09	IP Address	100	316	TRUE	2019-01-22 1:31:09	anonymous	EN	I consent, begin the study	100	100	10	100	80	0	80																																																100	5	0	100	90	70	100	100	46	Male		White		Not important.			Bachelor's degree in college (4-year)	$50,000 to $79,999
2019-01-22 1:27:17	2019-01-22 1:31:29	IP Address	100	252	TRUE	2019-01-22 1:31:29	anonymous	EN	I consent, begin the study																								29	7	98	83	13	28	96	82								40	7	76	60	9	30	41	65																	42	Female		White		Not important.			Associate degree in college (2-year)	$50,000 to $79,999
2019-01-22 1:25:43	2019-01-22 1:31:47	IP Address	100	364	TRUE	2019-01-22 1:31:48	anonymous	EN	I consent, begin the study	88	56	48	67	50	26	67																									79	36	50	29	50	35	73																									43	Male		White		Not important.			Master's degree	Less than $15,000
2019-01-22 1:27:45	2019-01-22 1:31:53	IP Address	100	247	TRUE	2019-01-22 1:31:54	anonymous	EN	I consent, begin the study	90	70	50	75	30	0	30																									90	25	70	25	80	25	80																									63	Male		White		Not important.			Master's degree	$180,000 or more
2019-01-22 1:25:19	2019-01-22 1:32:02	IP Address	100	403	TRUE	2019-01-22 1:32:02	anonymous	EN	I consent, begin the study								16	61	59	94	9	42	54	87																																11	95	4	82													54	Female		White		Somewhat, I am:			High school graduate (high school diploma or equivalent including GED)	$25,000 to $49,999
2019-01-22 1:27:43	2019-01-22 1:32:57	IP Address	100	314	TRUE	2019-01-22 1:32:57	anonymous	EN	I consent, begin the study																				30	95	0	50																30	5	100	75	0	5	70	90																	56	Female		White		Somewhat, I am:		Lutheran	High school graduate (high school diploma or equivalent including GED)	$50,000 to $79,999
2019-01-22 1:29:46	2019-01-22 1:33:37	IP Address	100	231	TRUE	2019-01-22 1:33:38	anonymous	EN	I consent, begin the study																								25	5	80	90	40	50	75	90																								95	10	5	100	65	30	90	100	44	Male		White		Somewhat, I am:			High school graduate (high school diploma or equivalent including GED)	$25,000 to $49,999
2019-01-22 1:29:18	2019-01-22 1:34:02	IP Address	100	284	TRUE	2019-01-22 1:34:03	anonymous	EN	I consent, begin the study	100	82	40	81	73	31	67																																								0	96	0	79													72	Female		White		Not important.			Bachelor's degree in college (4-year)	$25,000 to $49,999
2019-01-22 1:31:35	2019-01-22 1:34:34	IP Address	100	178	TRUE	2019-01-22 1:34:34	anonymous	EN	I consent, begin the study								8	61	64	97	5	31	14	97																																				78	8	40	88									50	Male		White		Somewhat, I am:		Catholic	Some college but no degree	$50,000 to $79,999
2019-01-22 1:25:21	2019-01-22 1:34:49	IP Address	100	567	TRUE	2019-01-22 1:34:49	anonymous	EN	I consent, begin the study								12	65	80	98	30	11	14	37																								10	10	40	36	2	5	9	9																	36	Female		White		Somewhat, I am:		Christian	Some college but no degree	$80,000 to $124,999
2019-01-22 1:29:01	2019-01-22 1:35:32	IP Address	100	391	TRUE	2019-01-22 1:35:33	anonymous	EN	I consent, begin the study	95	90	30	92	80	5	85																																																90	10	35	95	60	20	95	80	45	Female		White		Somewhat, I am:		Catholic	Bachelor's degree in college (4-year)	$125,000 to $179,999
2019-01-22 1:30:28	2019-01-22 1:37:14	IP Address	100	405	TRUE	2019-01-22 1:37:14	anonymous	EN	I consent, begin the study																								29	7	96	73	73	79	100	72								30	30	94	94	5	7	92	100																	57	Female		White		Not important.			Associate degree in college (2-year)	$25,000 to $49,999
2019-01-22 1:30:05	2019-01-22 1:42:12	IP Address	100	726	TRUE	2019-01-22 1:42:13	anonymous	EN	I consent, begin the study								30	70	80	100	0	1	5	8																								0	0	50	30	0	2	6	15																	54	Female		White		Somewhat, I am:		Zen Buddhist	Master's degree	$25,000 to $49,999
2019-01-22 1:38:52	2019-01-22 1:42:14	IP Address	100	201	TRUE	2019-01-22 1:42:14	anonymous	EN	I consent, begin the study	90	77	21	81	58	44	90																																																96	16	43	89	25	14	92	95	37	Female		White		Yes, I am:	Christian		Bachelor's degree in college (4-year)	$25,000 to $49,999
2019-01-22 1:31:44	2019-01-22 1:45:00	IP Address	100	795	TRUE	2019-01-22 1:45:00	anonymous	EN	I consent, begin the study																20	100	0	75																												0	95	10	80													60	Male		White		Not important.			High school graduate (high school diploma or equivalent including GED)	$50,000 to $79,999
2019-01-22 1:45:37	2019-01-22 1:47:51	IP Address	100	133	TRUE	2019-01-22 1:47:51	anonymous	EN	I consent, begin the study																				90	95	25	50									100	50	61	30	80	70	85																									30	Male		White		Not important.			High school graduate (high school diploma or equivalent including GED)	$15,000 to $24,999
2019-01-22 1:31:14	2019-01-22 1:49:32	IP Address	100	1097	TRUE	2019-01-22 1:49:32	anonymous	EN	I consent, begin the study																								99	33	94	66	90	58	68	100	100	50	74	50	74	29	61																									38	Female		White,Black or African American		Not important.			Bachelor's degree in college (4-year)	$50,000 to $79,999
2019-01-22 1:41:38	2019-01-22 1:56:59	IP Address	100	921	TRUE	2019-01-22 1:57:01	anonymous	EN	I consent, begin the study								100	58	23	59	67	35	75	100																								80	24	0	58	66	27	79	98																	25	Male		White		Somewhat, I am:			Bachelor's degree in college (4-year)	$25,000 to $49,999
2019-01-22 1:53:56	2019-01-22 1:58:09	IP Address	100	253	TRUE	2019-01-22 1:58:10	anonymous	EN	I consent, begin the study																								61	0	83	100	60	60	86	100																20	80	0	30													33	Male		White		Yes, I am:	christian		Associate degree in college (2-year)	$25,000 to $49,999
2019-01-22 1:53:31	2019-01-22 2:00:09	IP Address	100	397	TRUE	2019-01-22 2:00:09	anonymous	EN	I consent, begin the study																75	99	1	50																																				95	20	90	95	90	75	95	95	38	Male		White		Somewhat, I am:		Agnostic	Bachelor's degree in college (4-year)	$125,000 to $179,999
2019-01-22 2:14:16	2019-01-22 2:16:09	IP Address	100	113	TRUE	2019-01-22 2:16:10	anonymous	EN	I consent, begin the study	73	50	0	70	50	0	85																									100	50	100	50	50	0	82																									26	Female		White		Not important.			Some college but no degree	$25,000 to $49,999
2019-01-22 2:26:31	2019-01-22 2:28:52	IP Address	100	141	TRUE	2019-01-22 2:28:53	anonymous	EN	I consent, begin the study								3	57	99	99	2	15	40	73																																				73	7	9	66									39	Female		White		Not important.			Bachelor's degree in college (4-year)	$15,000 to $24,999
2019-01-22 2:27:09	2019-01-22 2:30:27	IP Address	100	198	TRUE	2019-01-22 2:30:29	anonymous	EN	I consent, begin the study								10	60	85	100	0	55	75	95																	90	100	100	25	70	10	80																									25	Male		White		Not important.			High school graduate (high school diploma or equivalent including GED)	$25,000 to $49,999
2019-01-22 2:27:46	2019-01-22 2:30:30	IP Address	100	164	TRUE	2019-01-22 2:30:32	anonymous	EN	I consent, begin the study																				20	88	20	80																																100	7	93	100	80	64	100	100	31	Female		White		Yes, I am:	christian		Some college but no degree	$25,000 to $49,999
2019-01-22 3:21:30	2019-01-22 3:24:48	IP Address	100	198	TRUE	2019-01-22 3:24:49	anonymous	EN	I consent, begin the study	87	42	23	77	24	12	82																																12	0	94	70	8	14	39	69																	28	Male		White		Not important.			Bachelor's degree in college (4-year)	$25,000 to $49,999
2019-01-22 4:00:49	2019-01-22 4:03:22	IP Address	100	152	TRUE	2019-01-22 4:03:22	anonymous	EN	I consent, begin the study																								28	6	84	94	40	25	82	96																								99	0	18	10	19	20	62	81	22	Female		White		Yes, I am:	christian		High school graduate (high school diploma or equivalent including GED)	$25,000 to $49,999
